val_loss,val_acc,epoch,step
0.3009870946407318,0.9103999733924866,0,859
0.22715134918689728,0.9291999936103821,1,1719
0.18684162199497223,0.9416000247001648,2,2579
