val_loss,val_acc,epoch,step
0.28381749987602234,0.9161999821662903,0,859
0.2186618149280548,0.9314000010490417,1,1719
0.18190628290176392,0.944599986076355,2,2579
