val_loss,val_acc,epoch,step
0.294486939907074,0.9151999950408936,0,859
0.22554856538772583,0.9355999827384949,1,1719
0.1826014518737793,0.9470000267028809,2,2579
