val_loss,val_acc,epoch,step
0.27229222655296326,0.9175999760627747,0,859
0.2122908979654312,0.9363999962806702,1,1719
0.17442935705184937,0.9448000192642212,2,2579
