val_loss,val_acc,epoch,step
0.2888779938220978,0.9120000004768372,0,859
0.2209259569644928,0.9333999752998352,1,1719
0.19001780450344086,0.9440000057220459,2,2579
