val_loss,val_acc,epoch,step
0.2868848443031311,0.9150000214576721,0,859
0.22622722387313843,0.9314000010490417,1,1719
0.18937541544437408,0.9412000179290771,2,2579
